id;first_name;last_name;email;phone_number;birth_day
1;Gudrun;Schamberger;Meta_Bailey@gmail.com;Specialist;2020-11-06T00:40:58
2;Malinda;Hessel;Graciela.Robel@yahoo.com;Armenian Dram deposit Internal;2020-11-05T18:43:25
3;Jarvis;Collins;Carson73@yahoo.com;Towels;2020-11-06T08:02:05
4;Makenzie;Kuhn;Ciara94@yahoo.com;synthesize;2020-11-06T01:07:57
5;Arvel;Mante;Magdalena85@yahoo.com;National standardization microchip;2020-11-06T01:01:14
6;Orin;Moore;Myrna86@yahoo.com;protocol reboot;2020-11-06T13:54:58
7;Gussie;Mills;Lilla63@hotmail.com;Movies;2020-11-06T01:44:09
8;Sibyl;Emmerich;Judd.Fay81@gmail.com;synthesize Implementation web services;2020-11-06T01:33:49
9;Delores;Greenfelder;Althea.Terry52@hotmail.com;back-end leading edge;2020-11-05T23:53:39
10;Caleb;Hegmann;Faustino_Parisian@gmail.com;override;2020-11-06T04:56:54
